<?xml version="1.0" encoding="UTF-8"?>

<beans xmlns="http://www.springframework.org/schema/beans"
  xmlns:xsi="http://www.w3.org/2001/XMLSchema-instance"
  xmlns:p="http://www.springframework.org/schema/p"
  xmlns:aop="http://www.springframework.org/schema/aop"
  xmlns:tx="http://www.springframework.org/schema/tx"
  xmlns:context="http://www.springframework.org/schema/context"
  xmlns:mvc="http://www.springframework.org/schema/mvc"
  xsi:schemaLocation="http://www.springframework.org/schema/beans
    http://www.springframework.org/schema/beans/spring-beans-3.0.xsd
    http://www.springframework.org/schema/aop
    http://www.springframework.org/schema/aop/spring-aop-3.0.xsd
    http://www.springframework.org/schema/mvc
    http://www.springframework.org/schema/mvc/spring-mvc-3.0.xsd
    http://www.springframework.org/schema/context
    http://www.springframework.org/schema/context/spring-context-3.1.xsd
    http://www.springframework.org/schema/tx
    http://www.springframework.org/schema/tx/spring-tx.xsd">
    
    
    <tx:annotation-driven/>
    
    <context:component-scan base-package="productcrudapp"></context:component-scan>
    
    <bean class="org.springframework.web.servlet.view.InternalResourceViewResolver" id="viewResolver">
    	<property name="prefix" value="/WEB-INF/views/" />
    	<property name="suffix" value=".jsp" />
    </bean>
    
    <bean class="org.springframework.jdbc.datasource.DriverManagerDataSource" id="ds">
    	<property name="driverClassName" value="com.mysql.cj.jdbc.Driver" />
    	<property name="url" value="jdbc:mysql://localhost:3306/productcrud" />
    	<property name="username" value="root" />
    	<property name="password" value="zymr" />
    </bean>
    
     <bean class="org.springframework.jdbc.core.JdbcTemplate" id="jdbcTemplate">
        	<property name="dataSource" ref="ds" />
     </bean>
        
    
    
     <bean class="org.springframework.orm.hibernate5.LocalSessionFactoryBean" id="lsbf">
        	<property name="dataSource" ref="ds" />
        	<property name="hibernateProperties">
        		<props>
        			<prop key="hibernate.dialect">org.hibernate.dialect.MySQLDialect</prop>
        			<prop key="hibernate.show_sql">true</prop>
        			<prop key="hibernate.hbm2ddl.auto">update</prop>
        		</props>
        	</property>
        	<property name="annotatedClasses">
        		<list>
        			<value>productcrudapp.model.Product</value>
        		</list>
        	</property>
      </bean>
      
      <bean class="org.springframework.orm.hibernate5.HibernateTemplate" id="hibernateTemplate">
        	<property name="sessionFactory" ref="lsbf"/>
      </bean>
       
      <bean class="org.springframework.orm.hibernate5.HibernateTransactionManager" id="transactionManager">
        	<property name="sessionFactory" ref="lsbf" />
      </bean>
             
      <bean class="productcrudapp.dao.ProductDao" id="productDao"> 
      		<property name="hibernateTemplate" ref="hibernateTemplate"/>
      </bean>
      
       
    
</beans>